COD CURSO,NUM VERSAO,DESCR ESTRUTURA,COD DISCIPLINA,NOME UNIDADE,COD ESTRUTURADO,NOME DISCIPLINA,PERIODO IDEAL,CREDITOS,TIPO AULA,NUM HORAS,CONTA CH,TIPO DISCIPLINA,SITUACAO VERSAO,CH TOTAL,ID CURSO,ID VERSAO CURSO,ID ESTRUTURA CUR,DESCR SITUACAO,EMENTA
210,2000/2,Disciplinas obrigatórias,HDP0502,Sistemas de Informação - Bacharelado - Turno Integral (V/N),1.30.00.10.10.00.00.01.00,DIREITO E ÉTICA PROFISSIONAL,8,4,Teórica,60,S,Obrigatória,I,60,10,13,133,ATIVA,
210,2000/2,Disciplinas obrigatórias,HHI0033,Sistemas de Informação - Bacharelado - Turno Integral (V/N),1.30.00.10.10.00.00.01.00,História da Ciência e da Tecnologia,1,4,Prática,0,S,Obrigatória,I,60,10,13,133,ATIVA,[object Object]
210,2000/2,Disciplinas obrigatórias,HHI0033,Sistemas de Informação - Bacharelado - Turno Integral (V/N),1.30.00.10.10.00.00.01.00,História da Ciência e da Tecnologia,1,4,Teórica,60,S,Obrigatória,I,60,10,13,133,ATIVA,[object Object]
210,2000/2,Disciplinas obrigatórias,HTD0051,Sistemas de Informação - Bacharelado - Turno Integral (V/N),1.30.00.10.10.00.00.01.00,Expressão Oral e Escrita,4,3,Prática,30,S,Obrigatória,I,60,10,13,133,ATIVA,[object Object]
210,2000/2,Disciplinas obrigatórias,HTD0051,Sistemas de Informação - Bacharelado - Turno Integral (V/N),1.30.00.10.10.00.00.01.00,Expressão Oral e Escrita,4,3,Teórica,30,S,Obrigatória,I,60,10,13,133,ATIVA,[object Object]
210,2000/2,Disciplinas obrigatórias,HTD0052,Sistemas de Informação - Bacharelado - Turno Integral (V/N),1.30.00.10.10.00.00.01.00,LEITURA E PRODUÇÃO DE TEXTOS,5,3,Prática,30,S,Obrigatória,I,60,10,13,133,INATIVA,[object Object]
210,2000/2,Disciplinas obrigatórias,HTD0052,Sistemas de Informação - Bacharelado - Turno Integral (V/N),1.30.00.10.10.00.00.01.00,LEITURA E PRODUÇÃO DE TEXTOS,5,3,Teórica,30,S,Obrigatória,I,60,10,13,133,INATIVA,[object Object]
210,2000/2,Disciplinas obrigatórias,TIN0005,Sistemas de Informação - Bacharelado - Turno Integral (V/N),1.30.00.10.10.00.00.01.00,Introdução à Lógica Computacional,1,4,Prática,0,S,Obrigatória,I,60,10,13,133,ATIVA,[object Object]
210,2000/2,Disciplinas obrigatórias,TIN0005,Sistemas de Informação - Bacharelado - Turno Integral (V/N),1.30.00.10.10.00.00.01.00,Introdução à Lógica Computacional,1,4,Teórica,60,S,Obrigatória,I,60,10,13,133,ATIVA,[object Object]
210,2000/2,Disciplinas obrigatórias,TIN0006,Sistemas de Informação - Bacharelado - Turno Integral (V/N),1.30.00.10.10.00.00.01.00,Programas Utilitários Básicos,1,3,Prática,30,S,Obrigatória,I,60,10,13,133,ATIVA,[object Object]
210,2000/2,Disciplinas obrigatórias,TIN0006,Sistemas de Informação - Bacharelado - Turno Integral (V/N),1.30.00.10.10.00.00.01.00,Programas Utilitários Básicos,1,3,Teórica,30,S,Obrigatória,I,60,10,13,133,ATIVA,[object Object]
210,2000/2,Disciplinas obrigatórias,TIN0007,Sistemas de Informação - Bacharelado - Turno Integral (V/N),1.30.00.10.10.00.00.01.00,TÉCNICAS DE PROGRAMAÇÃO I,1,3,Prática,30,S,Obrigatória,I,90,10,13,133,ATIVA,[object Object]
210,2000/2,Disciplinas obrigatórias,TIN0007,Sistemas de Informação - Bacharelado - Turno Integral (V/N),1.30.00.10.10.00.00.01.00,TÉCNICAS DE PROGRAMAÇÃO I,1,3,Teórica,60,S,Obrigatória,I,90,10,13,133,ATIVA,[object Object]
210,2000/2,Disciplinas obrigatórias,TIN0008,Sistemas de Informação - Bacharelado - Turno Integral (V/N),1.30.00.10.10.00.00.01.00,Organização de Computadores,1,5,Prática,30,S,Obrigatória,I,90,10,13,133,ATIVA,[object Object]
210,2000/2,Disciplinas obrigatórias,TIN0008,Sistemas de Informação - Bacharelado - Turno Integral (V/N),1.30.00.10.10.00.00.01.00,Organização de Computadores,1,5,Teórica,60,S,Obrigatória,I,90,10,13,133,ATIVA,[object Object]
210,2000/2,Disciplinas obrigatórias,TIN0009,Sistemas de Informação - Bacharelado - Turno Integral (V/N),1.30.00.10.10.00.00.01.00,Estruturas Discretas,2,4,Prática,0,S,Obrigatória,I,60,10,13,133,ATIVA,[object Object]
210,2000/2,Disciplinas obrigatórias,TIN0009,Sistemas de Informação - Bacharelado - Turno Integral (V/N),1.30.00.10.10.00.00.01.00,Estruturas Discretas,2,4,Teórica,60,S,Obrigatória,I,60,10,13,133,ATIVA,[object Object]
210,2000/2,Disciplinas obrigatórias,TIN0010,Sistemas de Informação - Bacharelado - Turno Integral (V/N),1.30.00.10.10.00.00.01.00,Produtividade Pessoal com Sistemas de Informação,3,3,Prática,30,S,Obrigatória,I,60,10,13,133,ATIVA,
210,2000/2,Disciplinas obrigatórias,TIN0010,Sistemas de Informação - Bacharelado - Turno Integral (V/N),1.30.00.10.10.00.00.01.00,Produtividade Pessoal com Sistemas de Informação,3,3,Teórica,30,S,Obrigatória,I,60,10,13,133,ATIVA,
210,2000/2,Disciplinas obrigatórias,TIN0011,Sistemas de Informação - Bacharelado - Turno Integral (V/N),1.30.00.10.10.00.00.01.00,TÉCNICAS DE PROGRAMAÇÃO II,2,5,Prática,30,S,Obrigatória,I,90,10,13,133,ATIVA,[object Object]
210,2000/2,Disciplinas obrigatórias,TIN0011,Sistemas de Informação - Bacharelado - Turno Integral (V/N),1.30.00.10.10.00.00.01.00,TÉCNICAS DE PROGRAMAÇÃO II,2,5,Teórica,60,S,Obrigatória,I,90,10,13,133,ATIVA,[object Object]
210,2000/2,Disciplinas obrigatórias,TIN0012,Sistemas de Informação - Bacharelado - Turno Integral (V/N),1.30.00.10.10.00.00.01.00,Modelagem de Sistemas,2,3,Prática,30,S,Obrigatória,I,60,10,13,133,ATIVA,[object Object]
210,2000/2,Disciplinas obrigatórias,TIN0012,Sistemas de Informação - Bacharelado - Turno Integral (V/N),1.30.00.10.10.00.00.01.00,Modelagem de Sistemas,2,3,Teórica,30,S,Obrigatória,I,60,10,13,133,ATIVA,[object Object]
210,2000/2,Disciplinas obrigatórias,TIN0013,Sistemas de Informação - Bacharelado - Turno Integral (V/N),1.30.00.10.10.00.00.01.00,Análise Empresarial e Administrativa,2,4,Prática,0,S,Obrigatória,I,60,10,13,133,ATIVA,[object Object]
210,2000/2,Disciplinas obrigatórias,TIN0013,Sistemas de Informação - Bacharelado - Turno Integral (V/N),1.30.00.10.10.00.00.01.00,Análise Empresarial e Administrativa,2,4,Teórica,60,S,Obrigatória,I,60,10,13,133,ATIVA,[object Object]
210,2000/2,Disciplinas obrigatórias,TIN0014,Sistemas de Informação - Bacharelado - Turno Integral (V/N),1.30.00.10.10.00.00.01.00,Estruturas de Dados,3,3,Prática,30,S,Obrigatória,I,90,10,13,133,ATIVA,[object Object]
210,2000/2,Disciplinas obrigatórias,TIN0014,Sistemas de Informação - Bacharelado - Turno Integral (V/N),1.30.00.10.10.00.00.01.00,Estruturas de Dados,3,3,Teórica,60,S,Obrigatória,I,90,10,13,133,ATIVA,[object Object]
210,2000/2,Disciplinas obrigatórias,TIN0015,Sistemas de Informação - Bacharelado - Turno Integral (V/N),1.30.00.10.10.00.00.01.00,Análise e Projeto de Sistemas,3,3,Prática,30,S,Obrigatória,I,60,10,13,133,ATIVA,[object Object]
210,2000/2,Disciplinas obrigatórias,TIN0015,Sistemas de Informação - Bacharelado - Turno Integral (V/N),1.30.00.10.10.00.00.01.00,Análise e Projeto de Sistemas,3,3,Teórica,30,S,Obrigatória,I,60,10,13,133,ATIVA,[object Object]
210,2000/2,Disciplinas obrigatórias,TIN0016,Sistemas de Informação - Bacharelado - Turno Integral (V/N),1.30.00.10.10.00.00.01.00,Sistemas Operacionais,2,3,Prática,30,S,Obrigatória,I,60,10,13,133,ATIVA,[object Object]
210,2000/2,Disciplinas obrigatórias,TIN0016,Sistemas de Informação - Bacharelado - Turno Integral (V/N),1.30.00.10.10.00.00.01.00,Sistemas Operacionais,2,3,Teórica,30,S,Obrigatória,I,60,10,13,133,ATIVA,[object Object]
210,2000/2,Disciplinas obrigatórias,TIN0017,Sistemas de Informação - Bacharelado - Turno Integral (V/N),1.30.00.10.10.00.00.01.00,Administração Financeira,3,5,Prática,30,S,Obrigatória,I,90,10,13,133,ATIVA,[object Object]
210,2000/2,Disciplinas obrigatórias,TIN0017,Sistemas de Informação - Bacharelado - Turno Integral (V/N),1.30.00.10.10.00.00.01.00,Administração Financeira,3,5,Teórica,60,S,Obrigatória,I,90,10,13,133,ATIVA,[object Object]
210,2000/2,Disciplinas obrigatórias,TIN0018,Sistemas de Informação - Bacharelado - Turno Integral (V/N),1.30.00.10.10.00.00.01.00,Análise de Algoritmos,5,3,Prática,30,S,Obrigatória,I,60,10,13,133,ATIVA,[object Object]
210,2000/2,Disciplinas obrigatórias,TIN0018,Sistemas de Informação - Bacharelado - Turno Integral (V/N),1.30.00.10.10.00.00.01.00,Análise de Algoritmos,5,3,Teórica,30,S,Obrigatória,I,60,10,13,133,ATIVA,[object Object]
210,2000/2,Disciplinas obrigatórias,TIN0019,Sistemas de Informação - Bacharelado - Turno Integral (V/N),1.30.00.10.10.00.00.01.00,Linguagens Formais e Autômatos,4,3,Prática,30,S,Obrigatória,I,60,10,13,133,ATIVA,[object Object]
210,2000/2,Disciplinas obrigatórias,TIN0019,Sistemas de Informação - Bacharelado - Turno Integral (V/N),1.30.00.10.10.00.00.01.00,Linguagens Formais e Autômatos,4,3,Teórica,30,S,Obrigatória,I,60,10,13,133,ATIVA,[object Object]
210,2000/2,Disciplinas obrigatórias,TIN0020,Sistemas de Informação - Bacharelado - Turno Integral (V/N),1.30.00.10.10.00.00.01.00,Sistema de Banco de Dados,4,3,Prática,30,S,Obrigatória,I,60,10,13,133,ATIVA,[object Object]
210,2000/2,Disciplinas obrigatórias,TIN0020,Sistemas de Informação - Bacharelado - Turno Integral (V/N),1.30.00.10.10.00.00.01.00,Sistema de Banco de Dados,4,3,Teórica,30,S,Obrigatória,I,60,10,13,133,ATIVA,[object Object]
210,2000/2,Disciplinas obrigatórias,TIN0021,Sistemas de Informação - Bacharelado - Turno Integral (V/N),1.30.00.10.10.00.00.01.00,Programação Modular,5,3,Prática,30,S,Obrigatória,I,60,10,13,133,ATIVA,[object Object]
210,2000/2,Disciplinas obrigatórias,TIN0021,Sistemas de Informação - Bacharelado - Turno Integral (V/N),1.30.00.10.10.00.00.01.00,Programação Modular,5,3,Teórica,30,S,Obrigatória,I,60,10,13,133,ATIVA,[object Object]
210,2000/2,Disciplinas obrigatórias,TIN0022,Sistemas de Informação - Bacharelado - Turno Integral (V/N),1.30.00.10.10.00.00.01.00,Construção de Sistemas,5,3,Prática,30,S,Obrigatória,I,60,10,13,133,ATIVA,[object Object]
210,2000/2,Disciplinas obrigatórias,TIN0022,Sistemas de Informação - Bacharelado - Turno Integral (V/N),1.30.00.10.10.00.00.01.00,Construção de Sistemas,5,3,Teórica,30,S,Obrigatória,I,60,10,13,133,ATIVA,[object Object]
210,2000/2,Disciplinas obrigatórias,TIN0023,Sistemas de Informação - Bacharelado - Turno Integral (V/N),1.30.00.10.10.00.00.01.00,Redes de Computadores,4,3,Prática,30,S,Obrigatória,I,60,10,13,133,ATIVA,[object Object]
210,2000/2,Disciplinas obrigatórias,TIN0023,Sistemas de Informação - Bacharelado - Turno Integral (V/N),1.30.00.10.10.00.00.01.00,Redes de Computadores,4,3,Teórica,30,S,Obrigatória,I,60,10,13,133,ATIVA,[object Object]
210,2000/2,Disciplinas obrigatórias,TIN0024,Sistemas de Informação - Bacharelado - Turno Integral (V/N),1.30.00.10.10.00.00.01.00,Seminários sobre Optativas e Eletivas,4,1,Prática,30,S,Obrigatória,I,30,10,13,133,ATIVA,[object Object]
210,2000/2,Disciplinas obrigatórias,TIN0024,Sistemas de Informação - Bacharelado - Turno Integral (V/N),1.30.00.10.10.00.00.01.00,Seminários sobre Optativas e Eletivas,4,1,Teórica,0,S,Obrigatória,I,30,10,13,133,ATIVA,[object Object]
210,2000/2,Disciplinas obrigatórias,TIN0026,Sistemas de Informação - Bacharelado - Turno Integral (V/N),1.30.00.10.10.00.00.01.00,Distribuição e Concorrência,6,3,Prática,30,S,Obrigatória,I,60,10,13,133,ATIVA,[object Object]
210,2000/2,Disciplinas obrigatórias,TIN0026,Sistemas de Informação - Bacharelado - Turno Integral (V/N),1.30.00.10.10.00.00.01.00,Distribuição e Concorrência,6,3,Teórica,30,S,Obrigatória,I,60,10,13,133,ATIVA,[object Object]
210,2000/2,Disciplinas obrigatórias,TIN0027,Sistemas de Informação - Bacharelado - Turno Integral (V/N),1.30.00.10.10.00.00.01.00,Iniciação à Pesquisa I,5,1,Prática,30,S,Obrigatória,I,30,10,13,133,ATIVA,[object Object]
210,2000/2,Disciplinas obrigatórias,TIN0027,Sistemas de Informação - Bacharelado - Turno Integral (V/N),1.30.00.10.10.00.00.01.00,Iniciação à Pesquisa I,5,1,Teórica,0,S,Obrigatória,I,30,10,13,133,ATIVA,[object Object]
210,2000/2,Disciplinas obrigatórias,TIN0028,Sistemas de Informação - Bacharelado - Turno Integral (V/N),1.30.00.10.10.00.00.01.00,Projeto e Construção de Sistemas com Ambiente de Programação,4,3,Prática,30,S,Obrigatória,I,60,10,13,133,ATIVA,[object Object]
210,2000/2,Disciplinas obrigatórias,TIN0028,Sistemas de Informação - Bacharelado - Turno Integral (V/N),1.30.00.10.10.00.00.01.00,Projeto e Construção de Sistemas com Ambiente de Programação,4,3,Teórica,30,S,Obrigatória,I,60,10,13,133,ATIVA,[object Object]
210,2000/2,Disciplinas obrigatórias,TIN0029,Sistemas de Informação - Bacharelado - Turno Integral (V/N),1.30.00.10.10.00.00.01.00,Iniciação à Pesquisa II,6,1,Prática,30,S,Optativa,I,30,10,13,133,ATIVA,[object Object]
210,2000/2,Disciplinas obrigatórias,TIN0029,Sistemas de Informação - Bacharelado - Turno Integral (V/N),1.30.00.10.10.00.00.01.00,Iniciação à Pesquisa II,6,1,Teórica,0,S,Optativa,I,30,10,13,133,ATIVA,[object Object]
210,2000/2,Disciplinas obrigatórias,TIN0030,Sistemas de Informação - Bacharelado - Turno Integral (V/N),1.30.00.10.10.00.00.01.00,Empresa de Informática,6,4,Prática,0,S,Obrigatória,I,60,10,13,133,ATIVA,[object Object]
210,2000/2,Disciplinas obrigatórias,TIN0030,Sistemas de Informação - Bacharelado - Turno Integral (V/N),1.30.00.10.10.00.00.01.00,Empresa de Informática,6,4,Teórica,60,S,Obrigatória,I,60,10,13,133,ATIVA,[object Object]
210,2000/2,Disciplinas obrigatórias,TIN0031,Sistemas de Informação - Bacharelado - Turno Integral (V/N),1.30.00.10.10.00.00.01.00,Projeto de Graduação I,7,2,Prática,60,S,Obrigatória,I,60,10,13,133,ATIVA,[object Object]
210,2000/2,Disciplinas obrigatórias,TIN0031,Sistemas de Informação - Bacharelado - Turno Integral (V/N),1.30.00.10.10.00.00.01.00,Projeto de Graduação I,7,2,Teórica,0,S,Obrigatória,I,60,10,13,133,ATIVA,[object Object]
210,2000/2,Disciplinas obrigatórias,TIN0032,Sistemas de Informação - Bacharelado - Turno Integral (V/N),1.30.00.10.10.00.00.01.00,Gerência de Projetos em Informática,7,3,Prática,30,S,Obrigatória,I,60,10,13,133,ATIVA,[object Object]
210,2000/2,Disciplinas obrigatórias,TIN0032,Sistemas de Informação - Bacharelado - Turno Integral (V/N),1.30.00.10.10.00.00.01.00,Gerência de Projetos em Informática,7,3,Teórica,30,S,Obrigatória,I,60,10,13,133,ATIVA,[object Object]
210,2000/2,Disciplinas obrigatórias,TIN0033,Sistemas de Informação - Bacharelado - Turno Integral (V/N),1.30.00.10.10.00.00.01.00,Projeto de Graduação II,8,2,Prática,60,S,Obrigatória,I,60,10,13,133,ATIVA,[object Object]
210,2000/2,Disciplinas obrigatórias,TIN0033,Sistemas de Informação - Bacharelado - Turno Integral (V/N),1.30.00.10.10.00.00.01.00,Projeto de Graduação II,8,2,Teórica,0,S,Obrigatória,I,60,10,13,133,ATIVA,[object Object]
210,2000/2,Disciplinas obrigatórias,TIN0051,Sistemas de Informação - Bacharelado - Turno Integral (V/N),1.30.00.10.10.00.00.01.00,Estudo de Domínios de Aplicação 1,4,3,Prática,30,S,Obrigatória,I,60,10,13,133,ATIVA,
210,2000/2,Disciplinas obrigatórias,TIN0051,Sistemas de Informação - Bacharelado - Turno Integral (V/N),1.30.00.10.10.00.00.01.00,Estudo de Domínios de Aplicação 1,4,3,Teórica,30,S,Obrigatória,I,60,10,13,133,ATIVA,
210,2000/2,Disciplinas obrigatórias,TIN0052,Sistemas de Informação - Bacharelado - Turno Integral (V/N),1.30.00.10.10.00.00.01.00,Estudo de Domínios de Aplicação II,5,3,Prática,30,S,Obrigatória,I,60,10,13,133,ATIVA,
210,2000/2,Disciplinas obrigatórias,TIN0052,Sistemas de Informação - Bacharelado - Turno Integral (V/N),1.30.00.10.10.00.00.01.00,Estudo de Domínios de Aplicação II,5,3,Teórica,30,S,Obrigatória,I,60,10,13,133,ATIVA,
210,2000/2,Disciplinas obrigatórias,TIN0053,Sistemas de Informação - Bacharelado - Turno Integral (V/N),1.30.00.10.10.00.00.01.00,Estudo de Domínios de Aplicação III,6,3,Prática,30,S,Obrigatória,I,60,10,13,133,ATIVA,
210,2000/2,Disciplinas obrigatórias,TIN0053,Sistemas de Informação - Bacharelado - Turno Integral (V/N),1.30.00.10.10.00.00.01.00,Estudo de Domínios de Aplicação III,6,3,Teórica,30,S,Obrigatória,I,60,10,13,133,ATIVA,
210,2000/2,Disciplinas obrigatórias,TIN0054,Sistemas de Informação - Bacharelado - Turno Integral (V/N),1.30.00.10.10.00.00.01.00,Atividades Curriculares de Extensão-1,5,3,Prática,90,S,Obrigatória,I,90,10,13,133,ATIVA,[object Object]
210,2000/2,Disciplinas obrigatórias,TIN0055,Sistemas de Informação - Bacharelado - Turno Integral (V/N),1.30.00.10.10.00.00.01.00,Atividades Curriculares de Extensão-2,6,3,Prática,90,S,Obrigatória,I,90,10,13,133,ATIVA,[object Object]
210,2000/2,Disciplinas obrigatórias,TIN0056,Sistemas de Informação - Bacharelado - Turno Integral (V/N),1.30.00.10.10.00.00.01.00,Atividades Curriculares de Extensão-3,7,3,Prática,90,S,Obrigatória,I,90,10,13,133,ATIVA,[object Object]
210,2000/2,Disciplinas obrigatórias,TIN0057,Sistemas de Informação - Bacharelado - Turno Integral (V/N),1.30.00.10.10.00.00.01.00,Atividades Curriculares de Extensão-4,8,3,Prática,90,S,Obrigatória,I,90,10,13,133,ATIVA,[object Object]
210,2000/2,Disciplinas obrigatórias,TME0012,Sistemas de Informação - Bacharelado - Turno Integral (V/N),1.30.00.10.10.00.00.01.00,Cálculo Diferencial e Integral I,1,5,Prática,30,S,Obrigatória,I,90,10,13,133,ATIVA,[object Object]
210,2000/2,Disciplinas obrigatórias,TME0012,Sistemas de Informação - Bacharelado - Turno Integral (V/N),1.30.00.10.10.00.00.01.00,Cálculo Diferencial e Integral I,1,5,Teórica,60,S,Obrigatória,I,90,10,13,133,ATIVA,[object Object]
210,2000/2,Disciplinas obrigatórias,TME0013,Sistemas de Informação - Bacharelado - Turno Integral (V/N),1.30.00.10.10.00.00.01.00,Cálculo  Diferencial e Integral II,2,5,Prática,30,S,Obrigatória,I,90,10,13,133,ATIVA,[object Object]
210,2000/2,Disciplinas obrigatórias,TME0013,Sistemas de Informação - Bacharelado - Turno Integral (V/N),1.30.00.10.10.00.00.01.00,Cálculo  Diferencial e Integral II,2,5,Teórica,60,S,Obrigatória,I,90,10,13,133,ATIVA,[object Object]
210,2000/2,Disciplinas obrigatórias,TME0014,Sistemas de Informação - Bacharelado - Turno Integral (V/N),1.30.00.10.10.00.00.01.00,Probabilidade e Estatística,3,5,Prática,30,S,Obrigatória,I,90,10,13,133,ATIVA,[object Object]
210,2000/2,Disciplinas obrigatórias,TME0014,Sistemas de Informação - Bacharelado - Turno Integral (V/N),1.30.00.10.10.00.00.01.00,Probabilidade e Estatística,3,5,Teórica,60,S,Obrigatória,I,90,10,13,133,ATIVA,[object Object]
210,2000/2,Disciplinas obrigatórias,TME0015,Sistemas de Informação - Bacharelado - Turno Integral (V/N),1.30.00.10.10.00.00.01.00,Álgebra Linear,3,4,Prática,0,S,Obrigatória,I,60,10,13,133,ATIVA,[object Object]
210,2000/2,Disciplinas obrigatórias,TME0015,Sistemas de Informação - Bacharelado - Turno Integral (V/N),1.30.00.10.10.00.00.01.00,Álgebra Linear,3,4,Teórica,60,S,Obrigatória,I,60,10,13,133,ATIVA,[object Object]
210,2000/2,Disciplinas optativas,TIN0025,Sistemas de Informação - Bacharelado - Turno Integral (V/N),1.30.00.10.10.00.00.01.00,Projeto e Construção de Sistemas com SGDB,5,3,Prática,30,S,Optativa,I,60,10,13,129,ATIVA,
210,2000/2,Disciplinas optativas,TIN0025,Sistemas de Informação - Bacharelado - Turno Integral (V/N),1.30.00.10.10.00.00.01.00,Projeto e Construção de Sistemas com SGDB,5,3,Teórica,30,S,Optativa,I,60,10,13,129,ATIVA,
210,2000/2,Disciplinas optativas,TIN0034,Sistemas de Informação - Bacharelado - Turno Integral (V/N),1.30.00.10.10.00.00.01.00,Banco de Dados em Ambiente Cliente-Servidor,5,3,Prática,30,S,Optativa,I,60,10,13,129,ATIVA,[object Object]
210,2000/2,Disciplinas optativas,TIN0034,Sistemas de Informação - Bacharelado - Turno Integral (V/N),1.30.00.10.10.00.00.01.00,Banco de Dados em Ambiente Cliente-Servidor,5,3,Teórica,30,S,Optativa,I,60,10,13,129,ATIVA,[object Object]
210,2000/2,Disciplinas optativas,TIN0035,Sistemas de Informação - Bacharelado - Turno Integral (V/N),1.30.00.10.10.00.00.01.00,Administração de Banco de Dados,6,3,Prática,30,S,Optativa,I,60,10,13,129,ATIVA,[object Object]
210,2000/2,Disciplinas optativas,TIN0035,Sistemas de Informação - Bacharelado - Turno Integral (V/N),1.30.00.10.10.00.00.01.00,Administração de Banco de Dados,6,3,Teórica,30,S,Optativa,I,60,10,13,129,ATIVA,[object Object]
210,2000/2,Disciplinas optativas,TIN0036,Sistemas de Informação - Bacharelado - Turno Integral (V/N),1.30.00.10.10.00.00.01.00,Banco de Dados Distribuídos e Datawarehousing,7,3,Prática,30,S,Obrigatória,I,60,10,13,129,ATIVA,[object Object]
210,2000/2,Disciplinas optativas,TIN0036,Sistemas de Informação - Bacharelado - Turno Integral (V/N),1.30.00.10.10.00.00.01.00,Banco de Dados Distribuídos e Datawarehousing,7,3,Teórica,30,S,Obrigatória,I,60,10,13,129,ATIVA,[object Object]
210,2000/2,Disciplinas optativas,TIN0037,Sistemas de Informação - Bacharelado - Turno Integral (V/N),1.30.00.10.10.00.00.01.00,Tópicos Avançados em Banco de Dados,8,3,Prática,30,S,Optativa,I,60,10,13,129,ATIVA,[object Object]
210,2000/2,Disciplinas optativas,TIN0037,Sistemas de Informação - Bacharelado - Turno Integral (V/N),1.30.00.10.10.00.00.01.00,Tópicos Avançados em Banco de Dados,8,3,Teórica,30,S,Optativa,I,60,10,13,129,ATIVA,[object Object]
210,2000/2,Disciplinas optativas,TIN0038,Sistemas de Informação - Bacharelado - Turno Integral (V/N),1.30.00.10.10.00.00.01.00,Comunicação e Segurança de Dados,6,3,Prática,30,S,Optativa,I,60,10,13,129,ATIVA,[object Object]
210,2000/2,Disciplinas optativas,TIN0038,Sistemas de Informação - Bacharelado - Turno Integral (V/N),1.30.00.10.10.00.00.01.00,Comunicação e Segurança de Dados,6,3,Teórica,30,S,Optativa,I,60,10,13,129,ATIVA,[object Object]
210,2000/2,Disciplinas optativas,TIN0039,Sistemas de Informação - Bacharelado - Turno Integral (V/N),1.30.00.10.10.00.00.01.00,Projeto e Gerência de Redes Locais,7,3,Prática,30,S,Optativa,I,60,10,13,129,ATIVA,[object Object]
210,2000/2,Disciplinas optativas,TIN0039,Sistemas de Informação - Bacharelado - Turno Integral (V/N),1.30.00.10.10.00.00.01.00,Projeto e Gerência de Redes Locais,7,3,Teórica,30,S,Optativa,I,60,10,13,129,ATIVA,[object Object]
210,2000/2,Disciplinas optativas,TIN0040,Sistemas de Informação - Bacharelado - Turno Integral (V/N),1.30.00.10.10.00.00.01.00,Calibragem e Análise de Desempenho,7,3,Prática,30,S,Optativa,I,60,10,13,129,ATIVA,[object Object]
210,2000/2,Disciplinas optativas,TIN0040,Sistemas de Informação - Bacharelado - Turno Integral (V/N),1.30.00.10.10.00.00.01.00,Calibragem e Análise de Desempenho,7,3,Teórica,30,S,Optativa,I,60,10,13,129,ATIVA,[object Object]
210,2000/2,Disciplinas optativas,TIN0041,Sistemas de Informação - Bacharelado - Turno Integral (V/N),1.30.00.10.10.00.00.01.00,Tópicos Avançados em Redes de Computadores,8,3,Prática,30,S,Optativa,I,60,10,13,129,ATIVA,[object Object]
210,2000/2,Disciplinas optativas,TIN0041,Sistemas de Informação - Bacharelado - Turno Integral (V/N),1.30.00.10.10.00.00.01.00,Tópicos Avançados em Redes de Computadores,8,3,Teórica,30,S,Optativa,I,60,10,13,129,ATIVA,[object Object]
210,2000/2,Disciplinas optativas,TIN0042,Sistemas de Informação - Bacharelado - Turno Integral (V/N),1.30.00.10.10.00.00.01.00,Programação Linear,5,3,Prática,30,S,Optativa,I,60,10,13,129,ATIVA,[object Object]
210,2000/2,Disciplinas optativas,TIN0042,Sistemas de Informação - Bacharelado - Turno Integral (V/N),1.30.00.10.10.00.00.01.00,Programação Linear,5,3,Teórica,30,S,Optativa,I,60,10,13,129,ATIVA,[object Object]
210,2000/2,Disciplinas optativas,TIN0043,Sistemas de Informação - Bacharelado - Turno Integral (V/N),1.30.00.10.10.00.00.01.00,Fluxo em Redes,7,3,Prática,30,S,Optativa,I,60,10,13,129,ATIVA,[object Object]
210,2000/2,Disciplinas optativas,TIN0043,Sistemas de Informação - Bacharelado - Turno Integral (V/N),1.30.00.10.10.00.00.01.00,Fluxo em Redes,7,3,Teórica,30,S,Optativa,I,60,10,13,129,ATIVA,[object Object]
210,2000/2,Disciplinas optativas,TIN0044,Sistemas de Informação - Bacharelado - Turno Integral (V/N),1.30.00.10.10.00.00.01.00,Algoritmos para Problemas Combinatórios,6,3,Prática,30,S,Optativa,I,60,10,13,129,ATIVA,
210,2000/2,Disciplinas optativas,TIN0044,Sistemas de Informação - Bacharelado - Turno Integral (V/N),1.30.00.10.10.00.00.01.00,Algoritmos para Problemas Combinatórios,6,3,Teórica,30,S,Optativa,I,60,10,13,129,ATIVA,
210,2000/2,Disciplinas optativas,TIN0045,Sistemas de Informação - Bacharelado - Turno Integral (V/N),1.30.00.10.10.00.00.01.00,Tópicos Avançados em Algoritmos,8,3,Prática,30,S,Optativa,I,60,10,13,129,ATIVA,[object Object]
210,2000/2,Disciplinas optativas,TIN0045,Sistemas de Informação - Bacharelado - Turno Integral (V/N),1.30.00.10.10.00.00.01.00,Tópicos Avançados em Algoritmos,8,3,Teórica,30,S,Optativa,I,60,10,13,129,ATIVA,[object Object]
210,2000/2,Disciplinas optativas,TIN0046,Sistemas de Informação - Bacharelado - Turno Integral (V/N),1.30.00.10.10.00.00.01.00,Compiladores,7,3,Prática,30,S,Optativa,I,60,10,13,129,ATIVA,[object Object]
210,2000/2,Disciplinas optativas,TIN0046,Sistemas de Informação - Bacharelado - Turno Integral (V/N),1.30.00.10.10.00.00.01.00,Compiladores,7,3,Teórica,30,S,Optativa,I,60,10,13,129,ATIVA,[object Object]
210,2000/2,Disciplinas optativas,TIN0047,Sistemas de Informação - Bacharelado - Turno Integral (V/N),1.30.00.10.10.00.00.01.00,Inteligência Artificial,7,3,Prática,30,S,Optativa,I,60,10,13,129,ATIVA,[object Object]
210,2000/2,Disciplinas optativas,TIN0047,Sistemas de Informação - Bacharelado - Turno Integral (V/N),1.30.00.10.10.00.00.01.00,Inteligência Artificial,7,3,Teórica,30,S,Optativa,I,60,10,13,129,ATIVA,[object Object]
210,2000/2,Disciplinas optativas,TIN0048,Sistemas de Informação - Bacharelado - Turno Integral (V/N),1.30.00.10.10.00.00.01.00,Sistemas Multimídia,7,3,Prática,30,S,Optativa,I,60,10,13,129,ATIVA,[object Object]
210,2000/2,Disciplinas optativas,TIN0048,Sistemas de Informação - Bacharelado - Turno Integral (V/N),1.30.00.10.10.00.00.01.00,Sistemas Multimídia,7,3,Teórica,30,S,Optativa,I,60,10,13,129,ATIVA,[object Object]
210,2000/2,Disciplinas optativas,TIN0049,Sistemas de Informação - Bacharelado - Turno Integral (V/N),1.30.00.10.10.00.00.01.00,Computação Gráfica e Processamento de Imagem,7,3,Prática,30,S,Optativa,I,60,10,13,129,ATIVA,[object Object]
210,2000/2,Disciplinas optativas,TIN0049,Sistemas de Informação - Bacharelado - Turno Integral (V/N),1.30.00.10.10.00.00.01.00,Computação Gráfica e Processamento de Imagem,7,3,Teórica,30,S,Optativa,I,60,10,13,129,ATIVA,[object Object]
210,2000/2,Disciplinas optativas,TIN0050,Sistemas de Informação - Bacharelado - Turno Integral (V/N),1.30.00.10.10.00.00.01.00,Ambiente Operacional Unix,7,3,Prática,30,S,Optativa,I,60,10,13,129,ATIVA,[object Object]
210,2000/2,Disciplinas optativas,TIN0050,Sistemas de Informação - Bacharelado - Turno Integral (V/N),1.30.00.10.10.00.00.01.00,Ambiente Operacional Unix,7,3,Teórica,30,S,Optativa,I,60,10,13,129,ATIVA,[object Object]
210,2000/2,Disciplinas optativas,TIN0058,Sistemas de Informação - Bacharelado - Turno Integral (V/N),1.30.00.10.10.00.00.01.00,Desenvolvimento de Software para Web,5,3,Teórica,30,S,Optativa,I,60,10,13,129,ATIVA,[object Object]
210,2000/2,Disciplinas optativas,TIN0058,Sistemas de Informação - Bacharelado - Turno Integral (V/N),1.30.00.10.10.00.00.01.00,Desenvolvimento de Software para Web,5,3,Prática,30,S,Optativa,I,60,10,13,129,ATIVA,[object Object]
210,2000/2,Disciplinas optativas,TIN0059,Sistemas de Informação - Bacharelado - Turno Integral (V/N),1.30.00.10.10.00.00.01.00,Groupware - Tecnologias de Apoio à Colaboração,7,3,Prática,30,S,Optativa,I,60,10,13,129,ATIVA,[object Object]
210,2000/2,Disciplinas optativas,TIN0059,Sistemas de Informação - Bacharelado - Turno Integral (V/N),1.30.00.10.10.00.00.01.00,Groupware - Tecnologias de Apoio à Colaboração,7,3,Teórica,30,S,Optativa,I,60,10,13,129,ATIVA,[object Object]
210,2000/2,Disciplinas optativas,TIN0060,Sistemas de Informação - Bacharelado - Turno Integral (V/N),1.30.00.10.10.00.00.01.00,Desenvolvimento Baseado em Componentes,6,3,Prática,30,S,Optativa,I,60,10,13,129,ATIVA,[object Object]
210,2000/2,Disciplinas optativas,TIN0060,Sistemas de Informação - Bacharelado - Turno Integral (V/N),1.30.00.10.10.00.00.01.00,Desenvolvimento Baseado em Componentes,6,3,Teórica,30,S,Optativa,I,60,10,13,129,ATIVA,[object Object]
210,2000/2,Disciplinas optativas,TIN0061,Sistemas de Informação - Bacharelado - Turno Integral (V/N),1.30.00.10.10.00.00.01.00,Tópicos Avançados em Engenharia de Software,8,3,Prática,30,S,Optativa,I,60,10,13,129,ATIVA,[object Object]
210,2000/2,Disciplinas optativas,TIN0061,Sistemas de Informação - Bacharelado - Turno Integral (V/N),1.30.00.10.10.00.00.01.00,Tópicos Avançados em Engenharia de Software,8,3,Teórica,30,S,Optativa,I,60,10,13,129,ATIVA,[object Object]
210,2000/2,Disciplinas optativas,TIN0062,Sistemas de Informação - Bacharelado - Turno Integral (V/N),1.30.00.10.10.00.00.01.00,Tópicos Avançados em Bancos de dados 2,7,3,Prática,30,S,Optativa,I,60,10,13,129,ATIVA,[object Object]
210,2000/2,Disciplinas optativas,TIN0062,Sistemas de Informação - Bacharelado - Turno Integral (V/N),1.30.00.10.10.00.00.01.00,Tópicos Avançados em Bancos de dados 2,7,3,Teórica,30,S,Optativa,I,60,10,13,129,ATIVA,[object Object]
210,2000/2,Disciplinas optativas,TIN0063,Sistemas de Informação - Bacharelado - Turno Integral (V/N),1.30.00.10.10.00.00.01.00,Tópicos Avançados em Banco de Dados 3,7,3,Prática,30,S,Optativa,I,60,10,13,129,ATIVA,[object Object]
210,2000/2,Disciplinas optativas,TIN0063,Sistemas de Informação - Bacharelado - Turno Integral (V/N),1.30.00.10.10.00.00.01.00,Tópicos Avançados em Banco de Dados 3,7,3,Teórica,30,S,Optativa,I,60,10,13,129,ATIVA,[object Object]
210,2000/2,Disciplinas optativas,TIN0064,Sistemas de Informação - Bacharelado - Turno Integral (V/N),1.30.00.10.10.00.00.01.00,Tópicos Avançados em Redes de Computadores 2,7,3,Prática,30,S,Optativa,I,60,10,13,129,ATIVA,[object Object]
210,2000/2,Disciplinas optativas,TIN0064,Sistemas de Informação - Bacharelado - Turno Integral (V/N),1.30.00.10.10.00.00.01.00,Tópicos Avançados em Redes de Computadores 2,7,3,Teórica,30,S,Optativa,I,60,10,13,129,ATIVA,[object Object]
210,2000/2,Disciplinas optativas,TIN0065,Sistemas de Informação - Bacharelado - Turno Integral (V/N),1.30.00.10.10.00.00.01.00,Tópicos Avançados em Redes de Computadores 3,7,3,Prática,30,S,Optativa,I,60,10,13,129,ATIVA,[object Object]
210,2000/2,Disciplinas optativas,TIN0065,Sistemas de Informação - Bacharelado - Turno Integral (V/N),1.30.00.10.10.00.00.01.00,Tópicos Avançados em Redes de Computadores 3,7,3,Teórica,30,S,Optativa,I,60,10,13,129,ATIVA,[object Object]
210,2000/2,Disciplinas optativas,TIN0066,Sistemas de Informação - Bacharelado - Turno Integral (V/N),1.30.00.10.10.00.00.01.00,Tópicos Avançados em Engenharia de Software 2,7,3,Prática,30,S,Optativa,I,60,10,13,129,ATIVA,
210,2000/2,Disciplinas optativas,TIN0066,Sistemas de Informação - Bacharelado - Turno Integral (V/N),1.30.00.10.10.00.00.01.00,Tópicos Avançados em Engenharia de Software 2,7,3,Teórica,30,S,Optativa,I,60,10,13,129,ATIVA,
210,2000/2,Disciplinas optativas,TIN0067,Sistemas de Informação - Bacharelado - Turno Integral (V/N),1.30.00.10.10.00.00.01.00,Tópicos Avançados em Engenaharia de Software III,7,3,Prática,30,S,Optativa,I,60,10,13,129,ATIVA,
210,2000/2,Disciplinas optativas,TIN0067,Sistemas de Informação - Bacharelado - Turno Integral (V/N),1.30.00.10.10.00.00.01.00,Tópicos Avançados em Engenaharia de Software III,7,3,Teórica,30,S,Optativa,I,60,10,13,129,ATIVA,
